customer_id,demographic_region,age_group,days_since_last_order,membership,shop_type,y2013,y2014,y2015,y2016,y2017
24191741,Urban,50,52,Basic,Mobile,20,4,40,34,20
13018247,Urban,42,27,Premium,Mobile,28,35,34,37,30
14154176,Urban,22,8,Basic,Mobile,16,34,25,45,17
19088455,Urban,49,54,Basic,Mobile,17,26,8,10,22
28123547,Urban,62,37,Basic,Mobile,9,33,34,9,6
20766526,Urban,27,17,Premium,Mobile,14,7,10,42,5
12506747,Urban,66,47,Basic,Mobile,14,14,8,38,47
15972370,Urban,44,40,Premium,Mobile,7,2,41,45,37
13635815,Urban,68,84,Basic,Mobile,11,9,8,10,54
22808306,Urban,37,32,Premium,Mobile,26,2,5,9,21
12864230,Urban,63,64,Basic,Mobile,12,27,34,9,46
13050537,Urban,43,39,Premium,Mobile,23,15,21,42,2
17271335,Urban,72,57,Premium,Mobile,17,1,25,33,39
28041797,Urban,17,8,Basic,Mobile,2,19,2,0,21
21874940,Urban,56,21,Premium,Mobile,2,21,17,18,12
26994034,Urban,68,62,Basic,Mobile,7,15,17,25,2
30757136,Urban,63,34,Premium,Mobile,22,4,33,41,8
23390898,Urban,62,82,Basic,Mobile,25,9,41,42,42
30609031,Urban,18,9,Premium,Mobile,25,21,17,30,46
15548507,Urban,54,34,Premium,Mobile,0,4,42,23,39
26888811,Urban,18,29,Basic,Mobile,28,7,31,22,51
24462235,Urban,55,38,Basic,Mobile,27,10,13,40,18
20569437,Urban,51,34,Premium,Mobile,2,40,29,44,16
33078715,Urban,23,10,Basic,Mobile,1,1,12,23,57
14564316,Urban,22,8,Basic,Mobile,19,5,11,30,23
18415417,Urban,46,60,Basic,Mobile,5,42,17,11,15
31402609,Urban,22,27,Premium,Mobile,14,7,18,5,57
15212525,Urban,42,31,Basic,Mobile,3,6,20,33,24
28502201,Urban,74,88,Basic,Mobile,26,5,28,44,53
19690205,Urban,21,18,Basic,Mobile,24,10,1,23,36
30432875,Urban,59,20,Premium,Mobile,10,39,40,43,57
24063127,Urban,54,48,Premium,Mobile,3,17,41,24,25
27601625,Urban,68,54,Premium,Mobile,5,43,8,10,40
15509346,Urban,68,76,Basic,Mobile,1,28,13,20,21
29935809,Urban,51,54,Basic,Mobile,13,18,37,23,8
20096041,Urban,72,45,Basic,Mobile,25,6,11,43,21
21964075,Urban,29,7,Basic,Mobile,17,43,18,2,41
14015710,Urban,20,9,Basic,Mobile,7,42,34,42,47
21873496,Urban,32,18,Basic,Mobile,18,15,40,1,12
26248779,Urban,31,9,Basic,Mobile,22,43,17,33,41
15647691,Urban,41,30,Basic,Mobile,13,39,11,44,14
21858741,Urban,62,75,Basic,Mobile,26,4,36,14,15
13576577,Urban,31,13,Basic,Mobile,24,42,9,35,19
15414665,Urban,52,20,Basic,Mobile,9,18,21,12,48
19040760,Urban,27,18,Premium,Mobile,5,40,13,8,24
28338413,Urban,34,11,Premium,Mobile,14,15,11,26,34
19688230,Urban,42,20,Basic,Mobile,19,26,32,14,48
15781534,Urban,32,16,Basic,Mobile,24,20,8,7,45
29868793,Urban,67,37,Basic,Mobile,27,8,11,7,10
26931124,Urban,45,28,Basic,Mobile,16,33,4,15,52
31838373,Urban,35,29,Basic,Mobile,7,27,5,42,41
22099944,Urban,72,35,Basic,Mobile,27,31,18,9,56
33019390,Urban,39,11,Premium,Mobile,22,15,39,7,26
23100974,Urban,50,36,Premium,Mobile,12,7,22,3,56
24747948,Urban,75,62,Basic,Mobile,18,6,14,24,55
28960818,Urban,28,5,Basic,Mobile,26,34,12,26,22
23502861,Urban,45,40,Basic,Mobile,11,21,31,12,19
18939231,Urban,27,18,Basic,Mobile,27,40,1,11,0
28978708,Urban,52,16,Basic,Mobile,3,6,40,44,9
27172410,Urban,38,24,Basic,Mobile,21,8,20,14,19
23803430,Urban,18,22,Basic,Mobile,10,22,36,39,53
14545256,Urban,33,11,Basic,Mobile,5,3,25,40,58
12829516,Urban,46,57,Basic,Mobile,11,41,31,4,43
24229389,Urban,73,46,Basic,Mobile,26,14,6,29,7
13830768,Urban,27,18,Premium,Mobile,14,28,29,34,54
25086925,Urban,66,90,Basic,Mobile,19,37,28,39,36
19591905,Urban,17,35,Basic,Mobile,7,34,11,17,34
17558300,Urban,31,18,Basic,Mobile,5,32,28,2,13
20159377,Urban,45,38,Premium,Mobile,3,5,14,34,44
18056727,Urban,42,11,Basic,Mobile,6,27,19,32,32
14243096,Urban,65,33,Premium,Mobile,5,35,11,19,7
32137111,Urban,64,90,Basic,Mobile,5,15,9,19,50
17111228,Urban,23,26,Basic,Mobile,20,20,21,4,31
22513674,Urban,65,81,Basic,Mobile,18,26,10,7,53
25857699,Urban,27,19,Basic,Mobile,2,4,38,36,6
29882864,Urban,41,19,Basic,Mobile,25,43,40,9,45
29762843,Urban,45,31,Basic,Mobile,27,21,15,36,31
18188664,Urban,53,15,Premium,Mobile,5,32,38,24,22
14955251,Urban,62,74,Premium,Mobile,1,9,36,14,9
15863045,Urban,72,53,Premium,Mobile,15,29,5,3,23
26726045,Urban,68,32,Premium,Mobile,24,6,17,9,47
21856200,Urban,34,10,Basic,Mobile,15,28,13,28,37
28005101,Urban,73,66,Basic,Mobile,27,30,10,11,45
27368136,Urban,55,25,Basic,Mobile,11,19,26,16,50
30824873,Urban,31,5,Basic,Mobile,26,34,18,18,53
15047768,Urban,19,11,Premium,Mobile,11,8,35,2,48
13511975,Urban,71,49,Basic,Mobile,7,27,14,28,2
21310654,Urban,48,42,Basic,Mobile,26,2,13,17,45
28528647,Urban,16,13,Basic,Mobile,21,42,13,22,17
23855195,Urban,55,39,Basic,Mobile,13,20,32,41,7
32861604,Urban,40,27,Basic,Mobile,6,5,11,0,50
19318852,Urban,22,6,Basic,Mobile,9,43,21,17,58
29616389,Urban,16,32,Basic,Mobile,2,14,40,30,28
23136796,Urban,32,30,Basic,Mobile,5,21,10,33,0
20901701,Urban,75,78,Basic,Mobile,1,26,34,20,25
26466275,Urban,67,41,Premium,Mobile,23,17,16,19,42
21350131,Urban,65,73,Basic,Mobile,21,30,4,44,49
22703719,Urban,52,51,Basic,Mobile,23,33,17,22,11
17584997,Urban,48,17,Basic,Mobile,18,8,17,33,49
29814801,Urban,62,63,Basic,Mobile,23,39,5,11,17
22107408,Urban,43,39,Basic,Mobile,17,30,5,11,51
15963722,Urban,61,67,Basic,Mobile,5,40,33,24,10
16471596,Urban,16,18,Basic,Mobile,18,7,3,19,53
18117655,Urban,56,53,Basic,Mobile,7,8,17,23,37
21148405,Urban,58,49,Premium,Mobile,6,29,29,35,42
33031175,Urban,20,35,Premium,Mobile,10,22,23,35,35
26301933,Urban,19,14,Basic,Mobile,27,19,35,20,7
24708913,Urban,60,59,Premium,Mobile,10,41,32,42,1
21162645,Urban,28,26,Premium,Mobile,23,42,8,45,14
12884417,Urban,73,77,Basic,Mobile,14,19,20,35,21
27674169,Urban,47,53,Basic,Mobile,1,39,32,9,47
21770210,Urban,40,40,Premium,Mobile,10,34,28,9,16
27814299,Urban,36,37,Basic,Mobile,3,19,25,43,6
25831702,Urban,25,23,Premium,Mobile,18,18,11,36,35
31663524,Urban,33,23,Basic,Mobile,19,21,12,44,10
31199514,Urban,69,44,Premium,Mobile,13,33,6,19,38
12828610,Urban,52,46,Premium,Mobile,21,34,37,26,21
18816622,Urban,48,29,Premium,Mobile,16,39,3,28,9
17432481,Urban,27,21,Basic,Mobile,3,16,30,38,43
23856548,Urban,41,27,Basic,Mobile,7,13,23,18,33
16309876,Urban,18,31,Basic,Mobile,27,42,16,20,6
20152899,Urban,17,21,Basic,Mobile,21,23,34,2,10
29323712,Urban,44,34,Basic,Mobile,15,27,20,8,4
30383818,Urban,32,17,Premium,Mobile,5,40,17,43,25
14473224,Urban,31,21,Basic,Mobile,4,27,35,1,45
23862451,Urban,27,6,Premium,Mobile,19,11,23,20,7
12691474,Urban,45,14,Basic,Mobile,3,6,23,31,42
28334995,Urban,31,21,Premium,Mobile,7,18,34,42,55
25455581,Urban,22,13,Basic,Mobile,8,23,39,17,4
24413700,Urban,33,7,Premium,Mobile,4,36,8,21,57
12380279,Urban,16,34,Basic,Mobile,23,22,23,17,9
21349225,Urban,37,30,Premium,Mobile,3,3,6,43,10
28051506,Urban,65,82,Premium,Mobile,19,15,8,11,53
30864785,Urban,70,77,Premium,Mobile,14,28,19,44,34
19393565,Urban,68,77,Premium,Mobile,14,5,29,21,8
17052473,Urban,65,42,Basic,Mobile,2,32,39,8,1
20934020,Urban,55,36,Basic,Mobile,2,36,7,22,39
18264063,Urban,74,44,Basic,Mobile,2,27,5,45,22
30309132,Urban,67,51,Basic,Mobile,21,29,4,21,21
15139818,Urban,40,26,Basic,Mobile,17,26,23,24,6
12565135,Urban,37,38,Premium,Mobile,10,14,28,5,25
20656584,Urban,56,19,Premium,Mobile,4,24,23,32,23
29114474,Urban,64,47,Basic,Mobile,1,16,20,14,6
27694330,Urban,70,76,Basic,Mobile,26,42,14,44,58
24248190,Urban,18,16,Basic,Mobile,18,5,41,25,34
19387861,Urban,30,12,Basic,Mobile,11,26,5,25,41
16952466,Urban,51,46,Basic,Mobile,11,18,38,24,10
27767744,Urban,70,55,Basic,Mobile,13,17,34,26,22
14769401,Urban,50,26,Basic,Mobile,9,32,22,33,42
21977022,Urban,20,30,Basic,Mobile,16,13,39,4,16
13436826,Urban,62,76,Basic,Mobile,25,8,34,27,3
23140726,Urban,71,55,Basic,Mobile,13,29,33,29,44
27451619,Urban,19,24,Premium,Mobile,18,9,35,38,1
22067833,Urban,63,58,Premium,Mobile,6,15,7,9,37
18439220,Urban,19,20,Basic,Mobile,19,10,35,12,4
25967250,Urban,61,77,Premium,Mobile,2,14,23,33,51
29120975,Urban,35,17,Basic,Mobile,9,6,23,31,42
24988580,Urban,23,6,Premium,Mobile,28,30,11,44,45
18457218,Urban,67,90,Basic,Mobile,6,33,27,11,47
19633078,Urban,56,16,Basic,Mobile,16,21,14,2,42
32304640,Urban,54,56,Premium,Mobile,26,16,14,32,11
13851298,Urban,24,18,Premium,Mobile,18,5,3,29,14
13508921,Urban,62,62,Basic,Mobile,19,10,37,8,47
19976886,Urban,57,44,Basic,Mobile,17,22,40,35,42
21521772,Urban,73,71,Premium,Mobile,13,32,32,45,18
15808783,Urban,52,52,Basic,Mobile,3,42,29,11,16
13168758,Urban,17,30,Basic,Mobile,10,42,17,44,29
18747612,Urban,49,23,Basic,Mobile,17,32,34,33,4
30818860,Urban,21,26,Basic,Mobile,14,40,15,41,23
13555671,Urban,70,31,Basic,Mobile,3,41,11,11,28
16677824,Urban,21,28,Premium,Mobile,14,28,6,14,36
18910129,Urban,73,64,Basic,Mobile,28,39,5,16,55
20814271,Urban,70,47,Premium,Mobile,11,24,22,31,23
30180456,Urban,72,76,Basic,Mobile,7,18,39,31,21
23451803,Urban,66,53,Premium,Mobile,22,39,13,38,30
13947646,Urban,58,26,Basic,Mobile,20,8,31,8,29
23756993,Urban,71,35,Basic,Mobile,13,17,10,24,43
20912504,Urban,57,35,Premium,Mobile,7,41,17,33,54
26416347,Urban,52,45,Basic,Mobile,7,13,2,20,6
21227933,Urban,19,11,Basic,Mobile,15,6,42,44,41
18418807,Urban,69,35,Premium,Mobile,17,34,34,44,3
28582593,Urban,68,69,Basic,Mobile,2,24,11,11,15
20266972,Urban,63,65,Basic,Mobile,9,17,5,22,25
24249541,Urban,27,17,Basic,Mobile,21,41,21,11,16
25819788,Urban,75,57,Premium,Mobile,22,27,32,14,0
29238566,Urban,61,44,Basic,Mobile,11,24,26,3,11
29136128,Urban,49,28,Premium,Mobile,28,37,9,44,47
20933033,Urban,29,9,Basic,Mobile,7,22,25,5,30
14939465,Urban,16,35,Basic,Mobile,14,14,35,19,0
15152908,Urban,20,26,Basic,Mobile,6,30,34,22,47
33266064,Urban,57,52,Basic,Mobile,0,37,22,24,23
23021015,Urban,49,46,Basic,Mobile,14,26,7,43,22
16272736,Urban,22,12,Basic,Mobile,24,22,3,8,33
29917454,Urban,33,23,Basic,Mobile,18,34,7,33,49
16157935,Urban,17,27,Basic,Mobile,15,22,37,34,31
21060701,Urban,44,39,Basic,Mobile,18,31,15,36,7
12560757,Urban,36,13,Premium,Mobile,1,37,39,27,55
12361046,Urban,26,27,Basic,Mobile,11,35,28,39,10
27265152,Urban,58,51,Basic,Mobile,19,19,33,45,35
33248608,Urban,27,18,Basic,Mobile,19,21,13,33,35
20125782,Urban,59,46,Basic,Mobile,23,27,5,6,10
22023433,Urban,61,53,Basic,Mobile,9,7,21,33,57
15604833,Urban,64,83,Basic,Mobile,19,43,11,6,2
30138332,Urban,64,67,Basic,Mobile,8,15,34,22,36
16532466,Urban,47,33,Premium,Mobile,7,40,23,41,21
31730220,Urban,48,30,Basic,Mobile,27,41,10,42,50
18542068,Urban,27,23,Basic,Mobile,6,28,13,12,23
23725792,Urban,61,80,Basic,Mobile,25,36,37,22,43
28156708,Urban,34,29,Basic,Mobile,9,31,40,36,51
23867989,Urban,54,41,Basic,Mobile,7,43,16,6,2
21510405,Urban,16,21,Basic,Mobile,26,32,11,24,53
22734471,Urban,56,50,Basic,Mobile,15,10,19,22,12
29678820,Urban,32,30,Basic,Mobile,18,8,9,25,51
27511776,Urban,42,18,Basic,Mobile,19,16,19,2,28
18797173,Urban,72,37,Basic,Mobile,24,1,9,37,20
30829311,Urban,21,18,Basic,Mobile,2,11,40,33,14
32215021,Urban,54,53,Basic,Mobile,17,13,2,19,42
21605777,Urban,31,29,Basic,Mobile,11,20,19,33,8
27551536,Urban,37,10,Premium,Mobile,11,35,24,41,9
32056792,Urban,44,10,Basic,Mobile,26,3,33,0,35
12644367,Urban,36,31,Basic,Mobile,13,34,7,20,36
15398167,Urban,39,21,Premium,Mobile,14,14,4,34,51
22649158,Urban,62,82,Basic,Mobile,23,34,33,42,13
16061643,Urban,47,38,Basic,Mobile,2,3,26,44,11
17472893,Urban,59,52,Basic,Mobile,12,27,11,33,25
30464176,Urban,18,9,Premium,Mobile,18,16,2,33,56
14196987,Urban,67,81,Basic,Mobile,27,42,17,11,49
14581162,Urban,57,41,Premium,Mobile,17,21,7,33,24
27653390,Urban,45,37,Premium,Mobile,10,31,24,23,58
28800544,Urban,25,16,Basic,Mobile,3,16,25,26,12
17893603,Urban,46,57,Premium,Mobile,17,4,41,20,26
24348913,Urban,22,28,Basic,Mobile,21,16,17,40,19
25298273,Urban,55,39,Premium,Mobile,13,35,32,38,17
13760005,Urban,69,35,Premium,Mobile,7,3,15,35,14
13117688,Urban,28,15,Basic,Mobile,14,30,29,17,58
24294617,Urban,68,81,Basic,Mobile,19,9,35,38,43
24282601,Urban,44,11,Premium,Mobile,22,29,36,42,10
28936138,Urban,74,54,Basic,Mobile,26,13,38,23,13
22500544,Urban,70,50,Premium,Mobile,8,27,6,22,34
28402279,Urban,62,90,Basic,Mobile,5,4,31,11,11
32933162,Urban,37,12,Basic,Mobile,17,24,7,8,10
19891698,Urban,32,27,Basic,Mobile,21,1,11,21,11
25939130,Urban,56,57,Basic,Mobile,15,33,16,22,47
14967851,Urban,41,30,Premium,Mobile,19,42,10,5,21
14285668,Urban,29,14,Basic,Mobile,20,2,5,22,27
24029822,Urban,39,33,Basic,Mobile,15,6,22,9,26
12731666,Urban,69,78,Premium,Mobile,21,3,19,16,10
21911348,Urban,34,30,Basic,Mobile,10,35,14,35,13
32408731,Urban,58,25,Premium,Mobile,22,10,16,32,26
19431505,Urban,58,43,Basic,Mobile,25,17,36,39,34
21401047,Urban,17,26,Basic,Mobile,7,32,24,29,22
27976211,Urban,57,56,Basic,Mobile,22,11,14,5,49
29002326,Urban,45,37,Basic,Mobile,16,10,17,20,17
19512552,Urban,73,47,Basic,Mobile,22,40,14,35,27
23698017,Urban,29,11,Basic,Mobile,7,36,22,24,53
32539298,Urban,25,29,Basic,Mobile,21,11,5,36,50
26504280,Urban,29,10,Basic,Mobile,18,20,34,41,38
17663639,Urban,40,27,Basic,Mobile,9,37,41,11,43
33184321,Urban,67,48,Premium,Mobile,11,39,41,8,5
23124206,Urban,36,40,Basic,Mobile,21,40,15,5,52
14618094,Urban,27,18,Basic,Mobile,2,21,9,18,4
12458905,Urban,34,23,Basic,Mobile,11,19,29,5,50
15058896,Urban,47,32,Premium,Mobile,9,11,25,12,46
21854542,Urban,55,47,Basic,Mobile,24,40,31,36,12
27370048,Urban,42,18,Basic,Mobile,17,17,32,42,50
23727011,Urban,39,19,Premium,Mobile,5,19,12,22,4
22134941,Urban,71,51,Premium,Mobile,2,36,22,16,34
23286108,Urban,25,10,Premium,Mobile,11,31,38,25,45
32323271,Urban,36,17,Basic,Mobile,21,14,41,30,42
12362694,Urban,60,60,Premium,Mobile,21,10,40,1,19
20353623,Urban,19,27,Basic,Mobile,3,27,23,16,26
16149296,Urban,75,83,Basic,Mobile,27,14,31,33,32
29775619,Urban,35,18,Basic,Mobile,19,41,35,14,24
16172709,Urban,33,25,Basic,Mobile,18,40,37,44,0
29828498,Urban,24,23,Basic,Mobile,9,30,36,17,37
24380006,Urban,41,28,Premium,Mobile,22,22,39,4,54
15250278,Urban,44,33,Basic,Mobile,27,35,16,37,44
26269721,Urban,42,11,Premium,Mobile,28,21,38,29,47
18392396,Urban,64,86,Basic,Mobile,3,39,21,12,13
28449540,Urban,31,11,Basic,Mobile,13,20,40,5,19
30725070,Urban,69,46,Basic,Mobile,28,28,40,33,9
32660296,Urban,72,44,Basic,Mobile,24,35,18,4,28
31782110,Urban,16,14,Basic,Mobile,8,33,27,14,27
27425723,Urban,72,63,Basic,Mobile,5,31,13,41,36
17250050,Urban,18,34,Basic,Mobile,14,14,31,14,8
22327524,Urban,21,30,Premium,Mobile,24,19,5,11,32
29141851,Urban,62,39,Basic,Mobile,13,3,22,8,30
15746491,Urban,26,30,Basic,Mobile,5,40,6,37,30
22009134,Urban,48,46,Basic,Mobile,14,6,42,13,16
15080079,Urban,57,57,Basic,Mobile,3,43,6,1,43
21996074,Urban,51,25,Basic,Mobile,3,30,37,15,35
29152102,Urban,26,10,Premium,Mobile,24,6,10,27,46
13677773,Urban,72,80,Basic,Mobile,5,11,39,36,32
27828845,Urban,69,50,Basic,Mobile,3,42,38,34,56
27097935,Urban,23,27,Basic,Mobile,4,29,35,8,38
31781988,Urban,51,53,Basic,Mobile,2,5,12,45,22
22971826,Urban,29,13,Premium,Mobile,10,11,36,0,35
17671444,Urban,61,75,Premium,Mobile,22,36,36,33,10
14906725,Urban,59,17,Premium,Mobile,6,26,9,6,55
12380670,Urban,58,37,Premium,Mobile,0,9,41,1,56
19673210,Urban,39,26,Basic,Mobile,7,5,37,21,5
16160844,Urban,36,37,Premium,Mobile,26,36,10,33,37
14933660,Urban,46,40,Premium,Mobile,10,5,28,37,52
18526552,Urban,16,9,Basic,Mobile,17,39,35,26,44
25671021,Urban,61,40,Basic,Mobile,26,28,24,17,24
13630161,Urban,36,35,Basic,Mobile,23,10,42,8,43
27753741,Urban,23,20,Premium,Mobile,14,19,34,14,43
12946818,Urban,31,5,Basic,Mobile,21,28,10,8,5
19578441,Urban,43,35,Basic,Mobile,4,33,1,12,39
27133866,Urban,58,43,Premium,Mobile,0,2,13,39,19
15394812,Urban,25,26,Premium,Mobile,5,33,11,43,55
28287778,Urban,36,30,Basic,Mobile,21,29,19,1,29
19344806,Urban,67,88,Premium,Mobile,16,41,35,42,52
26315092,Urban,64,51,Basic,Mobile,10,4,11,39,54
14189494,Urban,64,72,Basic,Mobile,27,37,2,36,0
22993398,Urban,46,55,Basic,Mobile,3,27,40,16,3
26988693,Urban,21,10,Basic,Mobile,15,23,2,20,51
27664978,Urban,45,40,Basic,Mobile,2,20,28,39,5
19786205,Urban,63,46,Basic,Mobile,23,28,0,33,58
29896712,Urban,49,26,Premium,Mobile,13,36,32,44,1
22647040,Urban,45,40,Basic,Mobile,18,42,14,24,16
20573707,Urban,21,8,Premium,Mobile,1,20,29,41,8
32010733,Urban,45,34,Basic,Mobile,1,42,24,28,9
25507356,Urban,28,12,Basic,Mobile,14,18,15,42,25
29805867,Urban,48,33,Premium,Mobile,18,14,0,31,13
12591473,Urban,73,73,Basic,Mobile,22,10,7,27,53
13007755,Urban,56,56,Basic,Mobile,24,1,12,27,18
33286516,Urban,67,78,Basic,Mobile,9,6,13,27,22
12275407,Urban,48,29,Basic,Mobile,23,14,40,37,53
27379228,Urban,17,11,Basic,Mobile,21,28,12,24,50
28455262,Urban,74,37,Basic,Mobile,14,28,28,15,38
15893557,Urban,29,16,Basic,Mobile,5,36,41,31,12
18659186,Urban,53,52,Basic,Mobile,2,4,2,11,51
30803085,Urban,65,31,Basic,Mobile,10,20,37,32,41
19971382,Urban,40,11,Basic,Mobile,21,14,4,43,28
21398202,Urban,38,35,Basic,Mobile,26,7,7,26,46
16069152,Urban,60,19,Basic,Mobile,7,29,5,21,8
25808114,Urban,27,8,Basic,Mobile,28,1,40,8,48
20815974,Urban,51,58,Basic,Mobile,25,27,11,31,39
24069547,Urban,30,19,Basic,Mobile,21,37,17,35,59
14042186,Urban,32,30,Basic,Mobile,5,32,20,21,13
22402216,Urban,45,13,Basic,Mobile,13,22,32,38,59
22242963,Urban,44,31,Basic,Mobile,0,4,8,40,14
29831811,Urban,30,8,Premium,Mobile,183,182,196,201,258
25646927,Urban,40,14,Basic,Desktop,6,1,0,0,0
22888503,Urban,46,34,Premium,Desktop,1,1,0,0,0
32659673,Urban,32,15,Basic,Desktop,4,7,0,0,0
33170873,Urban,46,15,Basic,Desktop,4,4,0,0,0
26906020,Urban,55,24,Basic,Desktop,1,3,0,0,0
18447811,Urban,48,57,Basic,Desktop,4,5,0,0,0
28672035,Urban,69,61,Basic,Desktop,3,4,0,0,0
16239263,Urban,34,20,Basic,Desktop,4,6,0,0,0
26209126,Urban,63,40,Basic,Desktop,4,1,0,0,0
22016264,Urban,69,69,Basic,Desktop,3,4,0,0,0
19331678,Urban,25,30,Premium,Desktop,2,6,0,0,0
29112598,Urban,45,12,Basic,Desktop,7,5,0,0,0
23824734,Urban,39,31,Basic,Desktop,1,0,0,0,0
17573860,Urban,58,44,Premium,Desktop,4,7,0,0,0
21101294,Urban,52,49,Basic,Desktop,4,2,0,0,0
15306675,Urban,20,30,Premium,Desktop,0,5,0,0,0
28041348,Urban,75,33,Premium,Desktop,3,3,0,0,0
20719083,Urban,75,64,Basic,Desktop,4,6,0,0,0
21560356,Urban,51,34,Basic,Desktop,6,6,0,0,0
24591382,Urban,17,32,Premium,Desktop,3,7,0,0,0
14887044,Urban,32,28,Premium,Desktop,3,3,0,0,0
14771294,Urban,64,78,Basic,Desktop,4,4,0,0,0
29916290,Urban,59,27,Basic,Desktop,1,1,0,0,0
17092119,Urban,53,54,Premium,Desktop,0,0,0,0,0
23166999,Urban,68,66,Basic,Desktop,7,6,0,0,0
17718860,Urban,73,36,Premium,Desktop,7,5,0,0,0
23758899,Urban,57,36,Basic,Desktop,3,7,0,0,0
12580583,Urban,48,32,Basic,Desktop,6,8,0,0,0
23181589,Urban,21,28,Basic,Desktop,2,1,0,0,0
12592931,Urban,57,47,Basic,Desktop,8,5,0,0,0
30758466,Urban,34,20,Basic,Desktop,0,0,0,0,0
14697662,Urban,22,17,Basic,Desktop,5,3,0,0,0
29774554,Urban,45,11,Basic,Desktop,4,0,0,0,0
32756908,Urban,21,9,Basic,Desktop,8,7,0,0,0
30843496,Urban,17,33,Basic,Desktop,5,0,0,0,0
30048881,Urban,47,36,Premium,Desktop,3,1,0,0,0
17418894,Urban,25,14,Basic,Desktop,8,1,0,0,0
23172289,Urban,60,53,Premium,Desktop,4,1,0,0,0
20173360,Urban,36,12,Premium,Desktop,4,5,0,0,0
23721988,Urban,31,29,Premium,Desktop,8,3,0,0,0
12543205,Urban,74,48,Premium,Desktop,7,2,0,0,0
32966465,Urban,42,26,Basic,Desktop,3,3,0,0,0
13500097,Urban,52,51,Basic,Desktop,1,7,0,0,0
13933474,Urban,26,25,Basic,Desktop,5,1,0,0,0
17360925,Urban,21,8,Premium,Desktop,2,2,0,0,0
29674770,Urban,24,16,Basic,Desktop,5,7,0,0,0
22294610,Urban,29,9,Premium,Desktop,6,5,0,0,0
13278346,Urban,42,13,Premium,Desktop,4,2,0,0,0
23515932,Urban,23,22,Basic,Desktop,0,6,0,0,0
16586630,Urban,44,24,Premium,Desktop,6,4,0,0,0
18322759,Urban,19,29,Basic,Desktop,4,1,0,0,0
23089037,Urban,48,26,Basic,Desktop,5,6,0,0,0
19285063,Urban,48,54,Premium,Desktop,8,3,0,0,0
23115846,Urban,59,49,Premium,Desktop,8,1,0,0,0
20178729,Urban,40,18,Basic,Desktop,6,4,0,0,0
18190924,Urban,55,17,Premium,Desktop,5,4,0,0,0
19668330,Urban,22,23,Basic,Desktop,6,5,0,0,0
15175469,Urban,33,7,Basic,Desktop,4,6,0,0,0
33236360,Urban,58,26,Basic,Desktop,4,0,0,0,0
20924270,Urban,63,62,Basic,Desktop,7,5,0,0,0
30904143,Urban,45,13,Basic,Desktop,3,6,0,0,0
30950889,Urban,49,45,Basic,Desktop,1,5,0,0,0
16864441,Urban,65,69,Premium,Desktop,3,6,0,0,0
24618261,Urban,60,22,Basic,Desktop,8,3,0,0,0
24314728,Urban,47,48,Basic,Desktop,8,0,0,0,0
27860054,Urban,16,19,Premium,Desktop,5,0,0,0,0
26160764,Urban,47,22,Basic,Desktop,4,7,0,0,0
28955516,Urban,71,54,Premium,Desktop,2,3,0,0,0
22650059,Urban,48,16,Basic,Desktop,1,3,0,0,0
25808854,Urban,59,31,Premium,Desktop,3,8,0,0,0
25894523,Urban,19,26,Basic,Desktop,7,0,0,0,0
16485038,Urban,27,25,Premium,Desktop,4,7,0,0,0
28806774,Urban,40,20,Basic,Desktop,1,1,0,0,0
12293145,Urban,24,23,Basic,Desktop,6,7,0,0,0
31954376,Urban,25,5,Basic,Desktop,0,4,0,0,0
17663900,Urban,63,76,Basic,Desktop,6,7,0,0,0
31498751,Urban,27,19,Basic,Desktop,7,7,0,0,0
13442072,Urban,29,12,Basic,Desktop,1,1,0,0,0
24588811,Urban,53,60,Basic,Desktop,2,5,0,0,0
21682710,Urban,27,29,Basic,Desktop,5,2,0,0,0
25386329,Urban,71,79,Premium,Desktop,3,7,0,0,0
23921004,Urban,40,39,Basic,Desktop,3,2,0,0,0
26127230,Urban,16,26,Basic,Desktop,0,5,0,0,0
24878098,Urban,18,24,Basic,Desktop,2,3,0,0,0
22697250,Urban,66,63,Premium,Desktop,6,2,0,0,0
21128397,Urban,19,26,Premium,Desktop,3,1,0,0,0
25353064,Urban,73,47,Premium,Desktop,7,6,0,0,0
32530645,Urban,48,22,Basic,Desktop,7,3,0,0,0
32119367,Urban,46,25,Basic,Desktop,5,2,0,0,0
29457233,Urban,48,41,Basic,Desktop,0,7,0,0,0
19485386,Urban,27,30,Basic,Desktop,0,7,0,0,0
33110402,Urban,46,33,Basic,Desktop,6,5,0,0,0
18217573,Urban,62,41,Premium,Desktop,1,7,0,0,0
20351844,Urban,37,10,Premium,Desktop,4,5,0,0,0
33333210,Urban,24,19,Premium,Desktop,6,2,0,0,0
26704590,Urban,69,35,Premium,Desktop,0,7,0,0,0
31578174,Urban,37,22,Basic,Desktop,4,3,0,0,0
27556333,Urban,42,20,Basic,Desktop,6,3,0,0,0
18847604,Urban,55,35,Basic,Desktop,3,4,0,0,0
16801982,Urban,50,36,Basic,Desktop,2,3,0,0,0
14296905,Urban,58,50,Premium,Desktop,3,2,0,0,0
25285679,Urban,19,24,Basic,Desktop,6,2,0,0,0
32773680,Urban,67,87,Premium,Desktop,2,3,0,0,0
21050282,Urban,58,38,Basic,Desktop,2,6,0,0,0
17069494,Urban,43,23,Premium,Desktop,5,5,0,0,0
16963585,Urban,42,30,Basic,Desktop,8,3,0,0,0
33104618,Urban,56,48,Basic,Desktop,4,8,0,0,0
17946176,Urban,74,90,Premium,Desktop,7,6,0,0,0
28474241,Urban,25,27,Premium,Desktop,0,2,0,0,0
32505595,Urban,34,17,Premium,Desktop,3,4,0,0,0
30390125,Urban,42,33,Basic,Desktop,4,0,0,0,0
14546615,Urban,36,29,Premium,Desktop,5,3,0,0,0
20704729,Urban,56,28,Basic,Desktop,7,2,0,0,0
27121292,Urban,16,27,Basic,Desktop,2,7,0,0,0
20479028,Urban,75,72,Basic,Desktop,6,1,0,0,0
16871735,Urban,48,56,Basic,Desktop,0,5,0,0,0
21467849,Urban,72,48,Basic,Desktop,4,0,0,0,0
14323631,Urban,73,55,Basic,Desktop,6,4,0,0,0
31514443,Urban,28,26,Premium,Desktop,4,4,0,0,0
27168863,Urban,50,51,Premium,Desktop,6,7,0,0,0
16909468,Urban,28,26,Premium,Desktop,6,3,0,0,0
29909194,Urban,47,37,Basic,Desktop,8,3,0,0,0
21675664,Urban,60,50,Basic,Desktop,4,7,0,0,0
28293865,Urban,53,53,Basic,Desktop,7,2,0,0,0
25341657,Urban,32,15,Basic,Desktop,0,5,0,0,0
18945218,Urban,19,16,Basic,Desktop,1,1,0,0,0
16640677,Urban,34,28,Basic,Desktop,2,5,0,0,0
12345367,Urban,18,26,Basic,Desktop,5,3,0,0,0
30967855,Urban,52,56,Basic,Desktop,0,5,0,0,0
17342845,Urban,24,30,Basic,Desktop,0,3,0,0,0
14322342,Urban,63,58,Premium,Desktop,2,3,0,0,0
28654544,Urban,75,47,Basic,Desktop,4,5,0,0,0
19172438,Urban,66,33,Basic,Desktop,2,2,0,0,0
22989988,Urban,19,23,Basic,Desktop,4,0,0,0,0
31610254,Urban,29,5,Basic,Desktop,5,5,0,0,0
26771196,Urban,24,28,Basic,Desktop,7,2,0,0,0
20726902,Urban,73,69,Premium,Desktop,0,8,0,0,0
17251329,Urban,69,57,Basic,Desktop,4,0,0,0,0
17614498,Urban,45,12,Premium,Desktop,0,2,0,0,0
20643843,Urban,47,42,Basic,Desktop,6,0,0,0,0
20813024,Urban,70,49,Basic,Desktop,4,5,0,0,0
26666740,Urban,16,30,Basic,Desktop,3,6,0,0,0
20357910,Urban,36,27,Basic,Desktop,4,7,0,0,0
31542554,Urban,26,27,Premium,Desktop,1,1,0,0,0
29982230,Urban,31,13,Premium,Desktop,6,6,0,0,0
18948384,Urban,33,14,Premium,Desktop,1,1,0,0,0
18447546,Urban,35,28,Basic,Desktop,3,5,0,0,0
24619024,Urban,35,28,Premium,Desktop,6,7,0,0,0
12323653,Urban,68,40,Basic,Desktop,4,4,0,0,0
27973794,Urban,63,32,Basic,Desktop,8,4,0,0,0
30949164,Urban,58,45,Basic,Desktop,3,7,0,0,0
28333826,Urban,46,37,Basic,Desktop,5,2,0,0,0
14780624,Urban,54,38,Premium,Desktop,7,0,0,0,0
25000047,Urban,64,55,Premium,Desktop,2,2,0,0,0
16261964,Urban,52,40,Basic,Desktop,8,5,0,0,0
30292149,Urban,21,19,Basic,Desktop,4,1,0,0,0
31169954,Urban,48,37,Basic,Desktop,0,6,0,0,0
25214917,Urban,24,25,Premium,Desktop,3,6,0,0,0
14504651,Urban,22,15,Basic,Desktop,0,4,0,0,0
23502996,Urban,32,16,Basic,Desktop,7,1,0,0,0
15765521,Urban,36,10,Basic,Desktop,2,1,0,0,0
15820044,Urban,50,56,Premium,Desktop,4,4,0,0,0
29298635,Urban,17,28,Basic,Desktop,8,0,0,0,0
33010413,Urban,47,36,Basic,Desktop,4,3,0,0,0
28404373,Urban,53,16,Basic,Desktop,4,2,0,0,0
23597199,Urban,48,32,Basic,Desktop,3,4,0,0,0
16218328,Urban,61,52,Basic,Desktop,5,5,0,0,0
22936970,Urban,56,35,Basic,Desktop,6,6,0,0,0
31431611,Urban,39,11,Basic,Desktop,4,5,0,0,0
25417517,Urban,21,20,Basic,Desktop,4,1,0,0,0
15141250,Urban,48,40,Basic,Desktop,7,5,0,0,0
12967645,Urban,55,46,Basic,Desktop,1,1,0,0,0
31568997,Urban,20,35,Premium,Desktop,4,2,0,0,0
31390837,Urban,74,41,Basic,Desktop,5,6,0,0,0
18266103,Urban,47,48,Basic,Desktop,6,3,0,0,0
31340970,Urban,41,28,Basic,Desktop,5,4,0,0,0
32446834,Urban,70,81,Basic,Desktop,1,7,0,0,0
14834145,Urban,51,47,Basic,Desktop,4,1,0,0,0
31106921,Urban,62,54,Premium,Desktop,2,7,0,0,0
22246869,Urban,68,35,Basic,Desktop,6,4,0,0,0
12420694,Urban,69,66,Premium,Desktop,1,6,0,0,0
29550162,Urban,42,21,Premium,Desktop,8,1,0,0,0
26423771,Urban,67,86,Basic,Desktop,2,3,0,0,0
12206850,Urban,58,26,Basic,Desktop,3,4,0,0,0
29994261,Urban,37,16,Basic,Desktop,1,8,0,0,0
17510753,Urban,59,18,Premium,Desktop,6,4,0,0,0
21862250,Urban,23,21,Basic,Desktop,4,1,0,0,0
28665504,Urban,26,27,Premium,Desktop,1,0,0,0,0
17386704,Urban,21,9,Basic,Desktop,4,5,0,0,0
20915603,Urban,39,34,Premium,Desktop,4,4,0,0,0
20455529,Urban,59,37,Premium,Desktop,2,7,0,0,0
18382219,Urban,69,52,Basic,Desktop,3,1,0,0,0
25569080,Urban,16,13,Basic,Desktop,5,7,0,0,0
28412081,Urban,66,73,Basic,Desktop,2,1,0,0,0
12738087,Urban,67,89,Premium,Desktop,4,5,0,0,0
14658385,Urban,72,87,Premium,Desktop,7,7,0,0,0
12452889,Urban,63,51,Basic,Desktop,2,0,0,0,0
13422876,Urban,73,39,Premium,Desktop,4,6,0,0,0
22264427,Urban,43,28,Premium,Desktop,4,4,0,0,0
16854930,Urban,22,13,Premium,Desktop,1,5,0,0,0
31383225,Urban,65,63,Basic,Desktop,7,5,0,0,0
17897536,Urban,44,18,Basic,Desktop,7,1,0,0,0
26178978,Urban,75,63,Basic,Desktop,4,7,0,0,0
28308390,Urban,74,35,Premium,Desktop,3,0,0,0,0
16945267,Urban,68,41,Basic,Desktop,0,1,0,0,0
23481693,Urban,31,8,Premium,Desktop,4,7,0,0,0
24893095,Urban,58,20,Premium,Desktop,4,7,0,0,0
14052290,Urban,32,6,Basic,Desktop,2,3,0,0,0
13941497,Urban,43,29,Basic,Desktop,4,3,0,0,0
17975947,Urban,75,81,Basic,Desktop,8,8,0,0,0
12657074,Urban,75,85,Basic,Desktop,4,6,0,0,0
13029315,Urban,60,26,Basic,Desktop,4,6,0,0,0
32438678,Urban,24,16,Premium,Desktop,7,7,0,0,0
27737666,Urban,45,25,Basic,Desktop,4,5,0,0,0
27455176,Urban,69,70,Basic,Desktop,3,0,0,0,0
26206816,Urban,57,19,Premium,Desktop,0,6,0,0,0
12341458,Urban,39,35,Basic,Desktop,8,0,0,0,0
30777943,Urban,70,56,Premium,Desktop,0,3,0,0,0
32985744,Urban,63,71,Basic,Desktop,4,3,0,0,0
20952711,Urban,18,33,Premium,Desktop,6,6,0,0,0
19810953,Urban,59,36,Premium,Desktop,0,0,0,0,0
12968599,Urban,71,60,Premium,Desktop,6,5,0,0,0
33163753,Urban,63,61,Basic,Desktop,5,5,0,0,0
31912018,Urban,63,63,Basic,Desktop,5,6,0,0,0
31072331,Urban,25,21,Premium,Desktop,6,5,0,0,0
19174099,Urban,74,62,Basic,Desktop,2,7,0,0,0
13533904,Urban,57,52,Basic,Desktop,4,7,0,0,0
13156729,Urban,21,27,Premium,Desktop,7,6,0,0,0
30340636,Urban,58,33,Premium,Desktop,3,7,0,0,0
18202575,Urban,33,29,Premium,Desktop,4,5,0,0,0
22865133,Urban,46,40,Premium,Desktop,4,5,0,0,0
28310059,Urban,29,22,Premium,Desktop,6,6,0,0,0
14587309,Urban,28,21,Basic,Desktop,5,3,0,0,0
29499067,Urban,71,67,Basic,Desktop,0,6,0,0,0
14121559,Urban,75,46,Basic,Desktop,3,6,0,0,0
14325242,Urban,23,28,Basic,Desktop,4,0,0,0,0
18219640,Urban,23,11,Basic,Desktop,5,3,0,0,0
18700138,Urban,30,16,Premium,Desktop,2,5,0,0,0
12521702,Urban,51,48,Basic,Desktop,0,4,0,0,0
28074988,Urban,61,37,Basic,Desktop,1,3,0,0,0
18054096,Urban,44,25,Premium,Desktop,5,0,0,0,0
16707486,Urban,74,58,Basic,Desktop,1,3,0,0,0
12531221,Urban,48,18,Basic,Desktop,6,2,0,0,0
18367370,Urban,70,54,Basic,Desktop,7,5,0,0,0
29352742,Urban,34,5,Premium,Desktop,5,6,0,0,0
32198950,Urban,50,32,Premium,Desktop,3,5,0,0,0
24908947,Urban,35,26,Basic,Desktop,0,0,0,0,0
32961917,Urban,35,21,Basic,Desktop,3,5,0,0,0
16131153,Urban,75,82,Premium,Desktop,6,0,0,0,0
28666897,Urban,73,59,Premium,Desktop,0,0,0,0,0
20753299,Urban,30,21,Basic,Desktop,5,0,0,0,0
24576196,Urban,26,7,Basic,Desktop,0,3,0,0,0
15433021,Urban,72,69,Basic,Desktop,6,3,0,0,0
16455183,Urban,45,31,Basic,Desktop,0,8,0,0,0
29560544,Urban,61,73,Premium,Desktop,8,3,0,0,0
28856758,Urban,44,29,Premium,Desktop,7,7,0,0,0
21473005,Urban,16,11,Basic,Desktop,4,7,0,0,0
17869737,Urban,17,24,Basic,Desktop,3,7,0,0,0
28675365,Urban,72,73,Basic,Desktop,4,3,0,0,0
16026977,Urban,56,50,Premium,Desktop,1,0,0,0,0
29063359,Urban,59,47,Basic,Desktop,2,4,0,0,0
31925295,Urban,29,14,Basic,Desktop,6,5,0,0,0
25025985,Urban,59,57,Basic,Desktop,2,3,0,0,0
30895597,Urban,32,30,Basic,Desktop,0,0,0,0,0
19293649,Urban,36,20,Basic,Desktop,4,8,0,0,0
13835219,Urban,37,24,Basic,Desktop,3,6,0,0,0
15114533,Urban,59,52,Basic,Desktop,4,2,0,0,0
27504502,Urban,31,12,Premium,Desktop,2,7,0,0,0
27800688,Urban,60,22,Premium,Desktop,4,5,0,0,0
20899209,Urban,40,28,Basic,Desktop,0,5,0,0,0
32142475,Urban,36,21,Basic,Desktop,8,5,0,0,0
26664587,Urban,40,24,Basic,Desktop,3,1,0,0,0
15828497,Urban,45,27,Basic,Desktop,2,2,0,0,0
27719055,Urban,67,62,Basic,Desktop,5,4,0,0,0
27944371,Urban,54,24,Premium,Desktop,6,2,0,0,0
28163436,Urban,68,48,Basic,Desktop,4,0,0,0,0
21502511,Urban,63,53,Basic,Desktop,4,7,0,0,0
16751766,Urban,37,26,Basic,Desktop,0,1,0,0,0
25310160,Urban,72,38,Basic,Desktop,4,1,0,0,0
17293522,Urban,41,31,Basic,Desktop,2,5,0,0,0
26504737,Urban,46,54,Basic,Desktop,1,1,0,0,0
29455786,Urban,25,19,Basic,Desktop,3,2,0,0,0
32304621,Urban,46,40,Basic,Desktop,1,1,0,0,0
29655230,Urban,47,43,Premium,Desktop,6,6,0,0,0
30749734,Urban,60,55,Basic,Desktop,8,1,0,0,0
28441023,Urban,36,30,Basic,Desktop,1,6,0,0,0
16102934,Urban,56,51,Basic,Desktop,2,4,0,0,0
27148367,Urban,50,26,Basic,Desktop,0,0,0,0,0
21030031,Urban,32,17,Basic,Desktop,6,4,0,0,0
24375546,Urban,52,55,Premium,Desktop,6,4,0,0,0
19259063,Urban,26,8,Premium,Desktop,4,1,0,0,0
26347922,Urban,56,28,Basic,Desktop,5,6,0,0,0
20867423,Urban,45,38,Basic,Desktop,3,4,0,0,0
31687813,Urban,47,19,Basic,Desktop,3,5,0,0,0
15157091,Urban,41,16,Premium,Desktop,8,8,0,0,0
16482210,Urban,32,23,Basic,Desktop,5,2,0,0,0
27190575,Urban,67,35,Premium,Desktop,2,6,0,0,0
22709195,Urban,19,21,Basic,Desktop,7,1,0,0,0
12394866,Urban,63,59,Basic,Desktop,2,0,0,0,0
22296884,Urban,42,35,Basic,Desktop,4,5,0,0,0
30736999,Urban,59,20,Premium,Desktop,0,3,0,0,0
12371384,Urban,38,17,Basic,Desktop,6,2,0,0,0
24881269,Urban,42,30,Premium,Desktop,2,4,0,0,0
17038619,Urban,50,22,Basic,Desktop,1,1,0,0,0
12700185,Urban,34,20,Basic,Desktop,1,2,0,0,0
19433612,Urban,72,75,Basic,Desktop,7,6,0,0,0
23390452,Urban,19,25,Basic,Desktop,1,6,0,0,0
29558122,Urban,66,49,Premium,Desktop,4,3,0,0,0
17208594,Urban,48,50,Premium,Desktop,2,4,0,0,0
19613938,Urban,33,24,Premium,Desktop,1,0,0,0,0
25114172,Urban,26,11,Premium,Desktop,2,1,0,0,0
20530368,Urban,73,36,Basic,Desktop,2,7,0,0,0
30886370,Urban,52,15,Basic,Desktop,8,1,0,0,0
18845489,Urban,21,31,Basic,Desktop,5,0,0,0,0
33183750,Urban,59,46,Premium,Desktop,7,7,0,0,0
28267117,Urban,36,35,Basic,Desktop,4,1,0,0,0
23637671,Urban,30,7,Basic,Desktop,3,5,0,0,0
28872624,Urban,56,15,Basic,Desktop,4,3,0,0,0
12207235,Urban,60,58,Basic,Desktop,8,1,0,0,0
13044285,Urban,44,11,Basic,Desktop,4,0,0,0,0
28619713,Urban,35,24,Premium,Desktop,5,4,0,0,0
18842693,Urban,30,19,Basic,Desktop,1,5,0,0,0
13438749,Urban,47,51,Basic,Desktop,6,2,0,0,0
28247135,Urban,75,41,Premium,Desktop,6,1,0,0,0
22469482,Urban,34,14,Basic,Desktop,7,5,0,0,0
24974851,Urban,20,8,Basic,Desktop,3,3,0,0,0
16709462,Urban,53,17,Basic,Desktop,4,3,0,0,0
24451573,Urban,32,28,Basic,Desktop,3,3,0,0,0
25450167,Urban,72,74,Basic,Desktop,4,1,0,0,0
16627090,Urban,69,48,Basic,Desktop,0,3,0,0,0
17921818,Urban,42,38,Basic,Desktop,8,7,0,0,0
32507046,Urban,54,49,Premium,Desktop,0,7,0,0,0
16607250,Urban,36,37,Basic,Desktop,2,3,0,0,0
24374544,Urban,29,7,Basic,Desktop,1,1,0,0,0
31679206,Urban,71,60,Basic,Desktop,1,4,0,0,0
22282789,Urban,25,6,Basic,Desktop,7,2,0,0,0
20905496,Urban,44,37,Premium,Desktop,4,7,0,0,0
24834523,Urban,73,82,Basic,Desktop,1,3,0,0,0
30251377,Urban,57,40,Premium,Desktop,4,3,0,0,0
18773144,Urban,19,31,Basic,Desktop,7,8,0,0,0
27636867,Urban,52,19,Basic,Desktop,0,3,0,0,0
12203448,Urban,56,32,Premium,Desktop,4,1,0,0,0
15835015,Urban,59,57,Basic,Desktop,6,4,0,0,0
21904435,Urban,38,23,Basic,Desktop,0,1,0,0,0
31605853,Urban,65,53,Basic,Desktop,1,7,0,0,0
24533178,Urban,47,46,Premium,Desktop,0,4,0,0,0
14251531,Urban,25,30,Basic,Desktop,5,4,0,0,0
21636456,Urban,71,50,Basic,Desktop,0,7,0,0,0
32985137,Urban,30,24,Basic,Desktop,0,8,0,0,0
27537221,Urban,43,31,Premium,Desktop,4,1,0,0,0
27026435,Urban,72,34,Premium,Desktop,0,0,0,0,0
32728462,Urban,46,17,Premium,Desktop,7,2,0,0,0
19227997,Urban,35,30,Basic,Desktop,2,3,0,0,0
26763937,Urban,61,88,Basic,Desktop,3,7,0,0,0
22819640,Urban,19,17,Basic,Desktop,5,4,0,0,0
32594271,Urban,62,75,Premium,Desktop,164,175,0,0,0
26864845,Rural,26,27,Basic,Mobile,3,2,3,0,5
17935046,Rural,50,42,Basic,Mobile,1,9,1,0,6
24902437,Rural,53,42,Basic,Mobile,1,4,2,0,2
14855040,Rural,21,27,Basic,Mobile,2,5,0,6,7
20845946,Rural,38,18,Basic,Mobile,0,2,2,4,5
18876229,Rural,55,35,Basic,Mobile,1,8,2,4,1
31408404,Rural,20,25,Basic,Mobile,5,1,2,1,7
31830308,Rural,35,5,Basic,Mobile,5,7,4,4,0
15094874,Rural,35,11,Basic,Mobile,1,8,4,5,3
24932311,Rural,32,10,Basic,Mobile,0,5,2,3,8
21115074,Rural,56,40,Basic,Mobile,3,9,2,1,7
28269028,Rural,44,40,Basic,Mobile,3,5,3,2,2
28140285,Rural,72,34,Basic,Mobile,5,4,1,4,5
16172797,Rural,61,79,Basic,Mobile,1,6,2,2,0
20519415,Rural,70,90,Premium,Mobile,2,9,3,6,7
30355949,Rural,25,25,Basic,Mobile,1,0,1,1,1
21818318,Rural,32,28,Basic,Mobile,6,2,4,4,6
25057420,Rural,17,10,Premium,Mobile,0,4,0,3,6
17016821,Rural,40,12,Basic,Mobile,5,1,1,1,8
32069201,Rural,62,65,Basic,Mobile,3,7,1,2,6
15484698,Rural,52,50,Premium,Mobile,6,6,4,6,7
20123149,Rural,35,8,Premium,Mobile,0,4,3,3,7
26246535,Rural,64,54,Basic,Mobile,5,7,2,1,7
14399970,Rural,73,75,Premium,Mobile,3,8,3,0,1
12821622,Rural,37,39,Basic,Mobile,3,5,1,4,3
14121790,Rural,59,25,Premium,Mobile,1,8,4,1,4
30995556,Rural,22,23,Basic,Mobile,3,1,0,0,0
30185959,Rural,63,57,Basic,Mobile,5,4,1,1,1
18949101,Rural,50,44,Basic,Mobile,5,4,2,3,4
26297507,Rural,65,48,Premium,Mobile,1,8,2,5,2
28145775,Rural,60,31,Premium,Mobile,1,4,2,6,0
32098989,Rural,52,58,Basic,Mobile,6,0,1,4,7
27466103,Rural,20,33,Basic,Mobile,5,9,4,2,8
23751285,Rural,67,89,Premium,Mobile,4,9,1,0,5
20148894,Rural,33,15,Premium,Mobile,5,2,0,2,3
18887316,Rural,54,21,Premium,Mobile,5,0,2,4,3
22346246,Rural,40,18,Basic,Mobile,5,5,1,0,1
30496954,Rural,41,25,Basic,Mobile,1,3,1,2,0
25765971,Rural,38,40,Basic,Mobile,5,1,3,2,8
17004421,Rural,20,35,Basic,Mobile,1,5,2,3,4
14171681,Rural,33,14,Premium,Mobile,2,9,3,3,0
31963391,Rural,22,30,Basic,Mobile,1,8,0,3,0
13341775,Rural,23,12,Basic,Mobile,5,7,4,1,7
16233189,Rural,74,46,Premium,Mobile,3,9,0,4,1
24798728,Rural,57,42,Premium,Mobile,0,7,3,3,1
28668834,Rural,29,18,Basic,Mobile,6,3,3,1,8
26322816,Rural,30,21,Basic,Mobile,4,1,2,3,8
27425882,Rural,62,48,Premium,Mobile,0,9,3,3,2
28823552,Rural,31,14,Basic,Mobile,4,4,1,0,2
20662410,Rural,47,43,Basic,Mobile,2,2,0,2,1
15777022,Rural,26,9,Basic,Mobile,1,0,3,2,5
23046616,Rural,68,50,Basic,Mobile,5,5,1,6,4
14361284,Rural,61,46,Basic,Mobile,2,4,2,1,5
16351790,Rural,74,37,Basic,Mobile,2,0,0,0,0
13372938,Rural,31,18,Premium,Mobile,6,1,4,1,2
19098066,Rural,32,9,Basic,Mobile,3,5,3,2,2
23302862,Rural,48,33,Basic,Mobile,5,9,1,1,7
13448927,Rural,27,23,Basic,Mobile,2,4,4,5,6
27028600,Rural,19,29,Basic,Mobile,1,7,3,6,8
19755246,Rural,35,14,Basic,Mobile,6,6,1,3,0
31006173,Rural,61,54,Basic,Mobile,0,3,4,4,1
32045501,Rural,56,32,Basic,Mobile,5,0,2,1,8
19592519,Rural,50,31,Premium,Mobile,3,0,0,4,8
28209502,Rural,17,17,Basic,Mobile,3,3,4,6,7
30396146,Rural,61,45,Basic,Mobile,5,7,1,5,7
32554991,Rural,34,29,Premium,Mobile,4,9,1,4,3
15121906,Rural,70,82,Basic,Mobile,5,1,2,5,4
14295279,Rural,25,27,Basic,Mobile,3,1,3,2,5
15344927,Rural,39,22,Basic,Mobile,0,1,2,3,7
16740434,Rural,55,17,Basic,Mobile,1,7,3,3,5
16153430,Rural,61,70,Premium,Mobile,5,8,3,1,8
32142746,Rural,63,75,Basic,Mobile,4,9,1,4,4
33180187,Rural,22,12,Premium,Mobile,1,6,1,3,7
32512034,Rural,64,66,Premium,Mobile,4,7,1,5,5
14951667,Rural,63,35,Basic,Mobile,0,7,4,5,7
29059351,Rural,48,31,Basic,Mobile,5,4,4,6,1
12201356,Rural,72,61,Basic,Mobile,5,4,2,5,7
12811694,Rural,34,16,Premium,Mobile,0,6,3,6,0
12574964,Rural,53,15,Premium,Mobile,1,7,1,5,2
32565236,Rural,55,50,Basic,Mobile,1,7,1,0,1
19473260,Rural,67,42,Premium,Mobile,6,3,4,1,1
18240991,Rural,42,34,Basic,Mobile,5,8,1,6,0
24045638,Rural,62,65,Premium,Mobile,1,4,2,3,4
12894049,Rural,67,69,Premium,Mobile,3,9,3,2,7
21911764,Rural,16,34,Basic,Mobile,4,7,1,3,8
19977349,Rural,29,26,Basic,Mobile,1,2,4,3,3
32153191,Rural,17,21,Premium,Mobile,1,8,2,0,7
20974465,Rural,29,6,Basic,Mobile,6,1,2,3,3
14410370,Rural,50,56,Premium,Mobile,3,3,4,2,5
31257145,Rural,18,27,Basic,Mobile,1,2,3,6,2
27720958,Rural,74,56,Basic,Mobile,3,8,0,3,3
17555614,Rural,49,37,Basic,Mobile,1,6,1,3,1
32807344,Rural,64,37,Basic,Mobile,6,3,4,4,4
28801924,Rural,44,40,Basic,Mobile,1,7,4,6,1
32162816,Rural,71,41,Basic,Mobile,3,5,1,5,6
18772681,Rural,20,28,Basic,Mobile,6,4,4,2,0
12408819,Rural,58,32,Basic,Mobile,4,3,3,3,0
12766721,Rural,74,34,Premium,Mobile,1,8,1,3,1
27132170,Rural,68,32,Basic,Mobile,1,2,2,4,6
30203484,Rural,55,44,Basic,Mobile,6,7,0,4,5
18474072,Rural,32,23,Basic,Mobile,1,6,2,5,3
25759718,Rural,64,65,Basic,Mobile,1,0,0,2,6
27839923,Rural,39,40,Premium,Mobile,1,8,1,1,5
14323206,Rural,43,36,Premium,Mobile,5,2,3,1,7
31717375,Rural,24,19,Premium,Mobile,1,7,4,2,4
21534382,Rural,27,30,Basic,Mobile,5,7,2,5,7
17671834,Rural,40,28,Basic,Mobile,6,8,4,2,3
14604025,Rural,28,18,Basic,Mobile,1,1,3,1,1
32555840,Rural,20,14,Basic,Mobile,1,1,2,3,4
12252953,Rural,38,23,Basic,Mobile,6,1,3,4,0
19483011,Rural,68,50,Basic,Mobile,1,5,0,2,7
31437324,Rural,72,88,Basic,Mobile,3,5,1,1,2
28584015,Rural,23,14,Basic,Mobile,5,4,4,6,3
15866098,Rural,19,27,Premium,Mobile,1,8,1,5,0
24094482,Rural,53,32,Basic,Mobile,1,4,3,1,6
23880601,Rural,21,12,Premium,Mobile,6,1,3,1,8
24121341,Rural,29,18,Basic,Mobile,4,2,2,6,1
30418586,Rural,74,77,Basic,Mobile,0,1,4,1,3
28393303,Rural,19,25,Basic,Mobile,3,7,1,3,7
12288485,Rural,56,22,Premium,Mobile,1,7,3,0,4
25078751,Rural,75,30,Basic,Mobile,1,3,1,6,8
29978717,Rural,24,7,Basic,Mobile,1,7,2,0,0
21423138,Rural,46,39,Premium,Mobile,2,0,3,1,4
30052084,Rural,39,16,Premium,Mobile,1,2,4,2,5
14708249,Rural,51,27,Premium,Mobile,0,9,2,3,0
27868223,Rural,57,23,Premium,Mobile,1,0,0,5,7
26597772,Rural,59,38,Basic,Mobile,1,2,2,1,2
32888708,Rural,48,17,Premium,Mobile,5,7,3,5,7
17187740,Rural,33,30,Basic,Mobile,4,7,3,6,7
25342163,Rural,67,33,Basic,Mobile,1,6,2,5,4
23712075,Rural,19,8,Basic,Mobile,0,5,0,4,0
24727034,Rural,18,13,Basic,Mobile,3,5,1,0,6
15081956,Rural,67,30,Basic,Mobile,6,6,1,1,5
29403823,Rural,63,49,Premium,Mobile,5,8,2,5,0
31648685,Rural,72,87,Premium,Mobile,3,4,3,5,5
13974916,Rural,28,20,Basic,Mobile,3,4,3,6,0
29592695,Rural,34,14,Basic,Mobile,1,1,0,6,1
31519781,Rural,74,57,Basic,Mobile,2,9,1,1,5
16897621,Rural,46,23,Basic,Mobile,2,3,2,1,0
27180409,Rural,29,12,Basic,Mobile,2,6,3,3,6
27431981,Rural,54,16,Basic,Mobile,1,2,4,6,7
23144428,Rural,70,53,Basic,Mobile,1,5,4,2,2
12561774,Rural,66,79,Basic,Mobile,4,8,98,4,8
32716207,Rural,73,58,Basic,Mobile,101,68,1,70,90
24364066,Rural,48,42,Basic,Desktop,8,29,0,0,0
23981648,Rural,73,80,Basic,Desktop,36,37,0,0,0
27002731,Rural,26,20,Premium,Desktop,12,23,0,0,0
22832356,Rural,43,26,Premium,Desktop,31,45,0,0,0
33209193,Rural,52,26,Basic,Desktop,13,57,0,0,0
31077203,Rural,62,89,Basic,Desktop,5,18,0,0,0
30848505,Rural,73,46,Premium,Desktop,40,4,0,0,0
18186546,Rural,56,42,Basic,Desktop,31,40,0,0,0
13716184,Rural,61,54,Basic,Desktop,30,18,0,0,0
18180867,Rural,55,23,Basic,Desktop,23,56,0,0,0
24289902,Rural,45,10,Premium,Desktop,39,6,0,0,0
30003024,Rural,72,73,Premium,Desktop,5,51,0,0,0
28394791,Rural,74,44,Premium,Desktop,16,21,0,0,0
27967071,Rural,37,13,Basic,Desktop,28,46,0,0,0
23314367,Rural,50,36,Basic,Desktop,38,10,0,0,0
13287343,Rural,34,21,Premium,Desktop,10,9,0,0,0
27331886,Rural,65,88,Basic,Desktop,9,20,0,0,0
16791655,Rural,28,17,Basic,Desktop,19,12,0,0,0
30934096,Rural,39,31,Premium,Desktop,25,7,0,0,0
25138995,Rural,23,26,Basic,Desktop,13,40,0,0,0
13129568,Rural,55,47,Basic,Desktop,5,24,0,0,0
15862232,Rural,65,49,Basic,Desktop,2,29,0,0,0
31037107,Rural,34,28,Basic,Desktop,9,45,0,0,0
25524695,Rural,26,17,Basic,Desktop,2,32,0,0,0
30216863,Rural,50,44,Basic,Desktop,4,9,0,0,0
28675727,Rural,62,52,Basic,Desktop,32,24,0,0,0
25944618,Rural,31,30,Basic,Desktop,8,54,0,0,0
17494785,Rural,27,5,Basic,Desktop,25,26,0,0,0
31544893,Rural,51,35,Premium,Desktop,38,24,0,0,0
15324958,Rural,30,8,Basic,Desktop,4,60,0,0,0
16202995,Rural,63,39,Basic,Desktop,21,20,0,0,0
12335981,Rural,67,66,Basic,Desktop,4,45,0,0,0
14022781,Rural,23,10,Basic,Desktop,6,35,0,0,0
15695655,Rural,43,22,Basic,Desktop,10,57,0,0,0
23721310,Rural,43,31,Premium,Desktop,5,28,0,0,0
29303927,Rural,47,34,Basic,Desktop,5,48,0,0,0
19661370,Rural,27,19,Premium,Desktop,20,18,0,0,0
20438232,Rural,66,71,Premium,Desktop,34,28,0,0,0
17824729,Rural,62,58,Premium,Desktop,27,43,0,0,0
29368484,Rural,73,40,Basic,Desktop,28,48,0,0,0
27902243,Rural,35,13,Basic,Desktop,15,18,0,0,0
13063102,Rural,49,20,Basic,Desktop,13,26,0,0,0
13667464,Rural,33,11,Basic,Desktop,23,40,0,0,0
26646553,Rural,17,21,Basic,Desktop,40,34,0,0,0
28658991,Rural,37,18,Basic,Desktop,5,12,0,0,0
17045611,Rural,26,8,Basic,Desktop,10,10,0,0,0
32221766,Rural,65,51,Basic,Desktop,34,53,0,0,0
26347564,Rural,44,28,Premium,Desktop,5,60,0,0,0
17784888,Rural,36,14,Basic,Desktop,21,26,0,0,0
17318564,Rural,40,36,Basic,Desktop,13,12,0,0,0
24889415,Rural,67,58,Premium,Desktop,17,7,0,0,0
17632932,Rural,72,81,Premium,Desktop,36,39,0,0,0
20224328,Rural,26,17,Basic,Desktop,20,35,0,0,0
29065307,Rural,68,61,Premium,Desktop,38,4,0,0,0
25204162,Rural,33,15,Premium,Desktop,13,1,0,0,0
23469896,Rural,44,25,Premium,Desktop,2,15,0,0,0
12989046,Rural,68,39,Basic,Desktop,28,59,0,0,0
13239419,Rural,73,90,Premium,Desktop,9,51,0,0,0
21813416,Rural,67,71,Basic,Desktop,5,14,0,0,0
32829876,Rural,29,10,Basic,Desktop,1,46,0,0,0
16063289,Rural,26,17,Basic,Desktop,8,46,0,0,0
18697895,Rural,27,12,Basic,Desktop,16,57,0,0,0
27065978,Rural,62,77,Premium,Desktop,36,20,0,0,0
14687722,Rural,40,21,Premium,Desktop,9,29,0,0,0
15180080,Rural,27,18,Basic,Desktop,15,42,0,0,0
31059359,Rural,48,37,Basic,Desktop,30,31,0,0,0
23570714,Rural,54,23,Basic,Desktop,38,43,0,0,0
32778210,Rural,73,70,Premium,Desktop,28,31,0,0,0
13276648,Rural,45,20,Basic,Desktop,2,21,0,0,0
26832556,Rural,68,42,Basic,Desktop,38,62,0,0,0
26977119,Rural,69,41,Premium,Desktop,25,59,0,0,0
15503076,Rural,25,8,Premium,Desktop,28,7,0,0,0
14254442,Rural,66,77,Basic,Desktop,30,6,0,0,0
27282907,Rural,41,37,Basic,Desktop,2,4,0,0,0
32382489,Rural,68,65,Basic,Desktop,27,53,0,0,0
14077657,Rural,19,11,Premium,Desktop,24,62,0,0,0
14048297,Rural,36,25,Basic,Desktop,10,20,0,0,0
25000480,Rural,58,37,Basic,Desktop,13,32,0,0,0
29209121,Rural,32,28,Basic,Desktop,17,35,0,0,0
23337124,Rural,23,20,Basic,Desktop,25,35,0,0,0
18119325,Rural,34,17,Premium,Desktop,19,21,0,0,0
20453410,Rural,17,19,Premium,Desktop,16,35,0,0,0
14970165,Rural,64,31,Basic,Desktop,35,17,0,0,0
32052132,Rural,39,20,Basic,Desktop,15,48,0,0,0
16615611,Rural,71,61,Premium,Desktop,20,26,0,0,0
23662308,Rural,27,11,Premium,Desktop,31,45,0,0,0
30626623,Rural,31,28,Basic,Desktop,17,15,0,0,0
12740680,Rural,41,31,Basic,Desktop,2,53,0,0,0
31689079,Rural,17,21,Basic,Desktop,25,53,0,0,0
13126940,Rural,29,11,Basic,Desktop,30,42,0,0,0
14848224,Rural,67,31,Basic,Desktop,8,42,0,0,0
16259983,Rural,62,56,Basic,Desktop,23,46,0,0,0
31579517,Rural,52,36,Premium,Desktop,15,18,0,0,0
18294660,Rural,22,24,Basic,Desktop,12,3,0,0,0
26766977,Rural,57,20,Premium,Desktop,36,26,0,0,0
23251498,Rural,20,8,Basic,Desktop,24,28,0,0,0
24272539,Rural,21,9,Premium,Desktop,6,56,0,0,0
26975913,Rural,51,32,Basic,Desktop,19,46,0,0,0
12259359,Rural,58,45,Premium,Desktop,23,57,0,0,0
24701580,Rural,36,38,Premium,Desktop,9,26,0,0,0
23156115,Rural,68,33,Premium,Desktop,36,42,0,0,0
25608501,Rural,71,69,Premium,Desktop,23,12,0,0,0
19413096,Rural,46,30,Basic,Desktop,28,26,0,0,0
20638806,Rural,28,28,Basic,Desktop,25,24,0,0,0
21904389,Rural,62,51,Premium,Desktop,21,51,0,0,0
20501095,Rural,53,56,Basic,Desktop,31,12,0,0,0
33237694,Rural,47,60,Basic,Desktop,5,37,0,0,0
21155031,Rural,69,41,Premium,Desktop,19,21,0,0,0
14588152,Rural,59,20,Basic,Desktop,30,24,0,0,0
26861276,Rural,55,44,Premium,Desktop,12,3,0,0,0
21631255,Rural,72,81,Basic,Desktop,25,51,0,0,0
13317702,Rural,66,39,Premium,Desktop,34,35,0,0,0
22671923,Rural,32,17,Basic,Desktop,23,43,0,0,0
26655847,Rural,59,42,Basic,Desktop,2,1,0,0,0
32358153,Rural,62,64,Basic,Desktop,21,10,0,0,0
28618579,Rural,62,65,Basic,Desktop,9,7,0,0,0
26994944,Rural,27,25,Premium,Desktop,8,49,0,0,0
25457060,Rural,74,50,Basic,Desktop,19,45,0,0,0
23739565,Rural,71,60,Premium,Desktop,1,18,0,0,0
22485870,Rural,30,12,Premium,Desktop,8,24,0,0,0
24660484,Rural,28,11,Premium,Desktop,25,1,0,0,0
24853904,Rural,44,19,Premium,Desktop,35,18,0,0,0
25445392,Rural,43,24,Premium,Desktop,35,17,0,0,0
17924655,Rural,19,33,Basic,Desktop,21,53,0,0,0
15605720,Rural,34,15,Premium,Desktop,6,26,0,0,0
17451717,Rural,66,50,Basic,Desktop,10,31,0,0,0
31890170,Rural,62,88,Premium,Desktop,1,3,0,0,0
19872987,Rural,57,59,Premium,Desktop,5,15,0,0,0
21664601,Rural,39,24,Basic,Desktop,8,51,0,0,0
13624392,Rural,59,33,Premium,Desktop,17,26,0,0,0
25819880,Rural,72,40,Basic,Desktop,21,42,0,0,0
32109564,Rural,26,5,Basic,Desktop,34,56,0,0,0
33247690,Rural,57,15,Premium,Desktop,5,31,0,0,0
15414722,Rural,24,25,Basic,Desktop,31,29,0,0,0
29634304,Rural,73,44,Basic,Desktop,15,35,0,0,0
13801117,Rural,21,35,Premium,Desktop,27,45,0,0,0
28979036,Rural,72,85,Basic,Desktop,27,28,0,0,0
15170739,Rural,38,22,Basic,Desktop,13,3,0,0,0
12821048,Rural,67,48,Premium,Desktop,32,56,0,0,0
17466965,Rural,40,20,Basic,Desktop,13,46,0,0,0
31093775,Rural,56,47,Premium,Desktop,34,24,0,0,0
22793757,Rural,50,52,Basic,Desktop,8,9,0,0,0
15479838,Rural,45,28,Basic,Desktop,21,15,0,0,0
24930669,Rural,71,33,Premium,Desktop,31,42,0,0,0
27864357,Rural,39,32,Basic,Desktop,9,53,0,0,0
25060874,Rural,60,41,Basic,Desktop,5,4,0,0,0
20857853,Rural,67,57,Premium,Desktop,34,39,0,0,0
26389811,Rural,55,31,Basic,Desktop,4,32,0,0,0
23333258,Rural,22,25,Basic,Desktop,24,39,0,0,0
20154605,Rural,29,7,Premium,Desktop,24,28,0,0,0
13961415,Rural,39,31,Basic,Desktop,25,9,0,0,0
30555902,Rural,17,19,Basic,Desktop,34,1,0,0,0
18530662,Rural,73,60,Basic,Desktop,12,24,0,0,0
32212229,Rural,54,51,Basic,Desktop,10,31,0,0,0
27006555,Rural,59,34,Premium,Desktop,90,97,0,0,0
